Date,Close
2019-12-31 14:30:00,212.61000061035156
2020-01-02 14:30:00,216.16000366210938
2020-01-03 14:30:00,214.17999267578125
2020-01-06 14:30:00,215.55999755859375
2020-01-07 14:30:00,215.52999877929688
2020-01-08 14:30:00,217.14999389648438
2020-01-09 14:30:00,218.99000549316406
2020-01-10 14:30:00,218.42999267578125
2020-01-13 14:30:00,220.9499969482422
2020-01-14 14:30:00,220.0800018310547
2020-01-15 14:30:00,220.1699981689453
2020-01-16 14:30:00,222.27999877929688
2020-01-17 14:30:00,223.3800048828125
2020-01-21 14:30:00,223.27999877929688
2020-01-22 14:30:00,223.8699951171875
2020-01-23 14:30:00,224.58999633789062
2020-01-24 14:30:00,222.6999969482422
2020-01-27 14:30:00,218.10000610351562
2020-01-28 14:30:00,221.4499969482422
2020-01-29 14:30:00,221.80999755859375
2020-01-30 14:30:00,222.60000610351562
2020-01-31 14:30:00,219.07000732421875
2020-02-03 14:30:00,222.3800048828125
2020-02-04 14:30:00,227.47000122070312
2020-02-05 14:30:00,228.22000122070312
2020-02-06 14:30:00,230.19000244140625
2020-02-07 14:30:00,229.1999969482422
2020-02-10 14:30:00,231.97000122070312
2020-02-11 14:30:00,232.00999450683594
2020-02-12 14:30:00,234.27000427246094
2020-02-13 14:30:00,233.97000122070312
2020-02-14 14:30:00,234.63999938964844
2020-02-18 14:30:00,234.72999572753906
2020-02-19 14:30:00,236.97999572753906
2020-02-20 14:30:00,234.77999877929688
2020-02-21 14:30:00,230.27000427246094
2020-02-24 14:30:00,221.38999938964844
2020-02-25 14:30:00,215.3699951171875
2020-02-26 14:30:00,216.47999572753906
2020-02-27 14:30:00,205.63999938964844
2020-02-28 14:30:00,205.8000030517578
2020-03-02 14:30:00,216.4199981689453
2020-03-03 14:30:00,209.47999572753906
2020-03-04 14:30:00,218.22000122070312
2020-03-05 14:30:00,211.58999633789062
2020-03-06 14:30:00,208.02000427246094
2020-03-09 13:30:00,193.57000732421875
2020-03-10 13:30:00,204.11000061035156
2020-03-11 13:30:00,195.22000122070312
2020-03-12 13:30:00,177.32000732421875
2020-03-13 13:30:00,192.33999633789062
2020-03-16 13:30:00,169.3000030517578
2020-03-17 13:30:00,182.13999938964844
2020-03-18 13:30:00,176.60000610351562
2020-03-19 13:30:00,177.66000366210938
2020-03-20 13:30:00,170.6999969482422
2020-03-23 13:30:00,170.4600067138672
2020-03-24 13:30:00,183.66000366210938
2020-03-25 13:30:00,182.3000030517578
2020-03-26 13:30:00,191.89999389648438
2020-03-27 13:30:00,185.3000030517578
2020-03-30 13:30:00,192.0399932861328
2020-03-31 13:30:00,190.39999389648438
2020-04-01 13:30:00,182.30999755859375
2020-04-02 13:30:00,186.00999450683594
2020-04-03 13:30:00,183.3699951171875
2020-04-06 13:30:00,196.47999572753906
2020-04-07 13:30:00,196.39999389648438
2020-04-08 13:30:00,200.57000732421875
2020-04-09 13:30:00,200.86000061035156
2020-04-13 13:30:00,203.02999877929688
2020-04-14 13:30:00,211.86000061035156
2020-04-15 13:30:00,209.42999267578125
2020-04-16 13:30:00,213.25
2020-04-17 13:30:00,215.2899932861328
2020-04-20 13:30:00,212.74000549316406
2020-04-21 13:30:00,204.88999938964844
2020-04-22 13:30:00,210.97000122070312
2020-04-23 13:30:00,210.52000427246094
2020-04-24 13:30:00,213.83999633789062
2020-04-27 13:30:00,215.55999755859375
2020-04-28 13:30:00,211.5
2020-04-29 13:30:00,219.0
2020-04-30 13:30:00,218.91000366210938
2020-05-01 13:30:00,212.74000549316406
2020-05-04 13:30:00,215.22000122070312
2020-05-05 13:30:00,217.66000366210938
2020-05-06 13:30:00,219.0
2020-05-07 13:30:00,221.82000732421875
2020-05-08 13:30:00,224.86000061035156
2020-05-11 13:30:00,226.8699951171875
2020-05-12 13:30:00,222.1199951171875
2020-05-13 13:30:00,219.33999633789062
2020-05-14 13:30:00,221.8300018310547
2020-05-15 13:30:00,223.27000427246094
2020-05-18 13:30:00,227.42999267578125
2020-05-19 13:30:00,226.86000061035156
2020-05-20 13:30:00,231.38999938964844
2020-05-21 13:30:00,228.8699951171875
2020-05-22 13:30:00,229.66000366210938
2020-05-26 13:30:00,229.0399932861328
2020-05-27 13:30:00,230.2899932861328
2020-05-28 13:30:00,229.99000549316406
2020-05-29 13:30:00,233.36000061035156
2020-06-01 13:30:00,234.05999755859375
2020-06-02 13:30:00,235.6300048828125
2020-06-03 13:30:00,236.69000244140625
2020-06-04 13:30:00,235.02999877929688
2020-06-05 13:30:00,239.69000244140625
2020-06-08 13:30:00,241.5500030517578
2020-06-09 13:30:00,243.3000030517578
2020-06-10 13:30:00,246.22000122070312
2020-06-11 13:30:00,234.02000427246094
2020-06-12 13:30:00,235.8800048828125
2020-06-15 13:30:00,238.75
2020-06-16 13:30:00,242.85000610351562
2020-06-17 13:30:00,243.6199951171875
2020-06-18 13:30:00,244.27999877929688
2020-06-19 13:30:00,244.24000549316406
2020-06-22 13:30:00,246.74000549316406
2020-06-23 13:30:00,248.83999633789062
2020-06-24 13:30:00,243.7100067138672
2020-06-25 13:30:00,246.02999877929688
2020-06-26 13:30:00,240.22000122070312
2020-06-29 13:30:00,242.83999633789062
2020-06-30 13:30:00,247.60000610351562
2020-07-01 13:30:00,250.49000549316406
2020-07-02 13:30:00,252.19000244140625
2020-07-06 13:30:00,258.3900146484375
2020-07-07 13:30:00,256.6099853515625
2020-07-08 13:30:00,259.989990234375
2020-07-09 13:30:00,262.17999267578125
2020-07-10 13:30:00,263.9700012207031
2020-07-13 13:30:00,258.5400085449219
2020-07-14 13:30:00,260.3699951171875
2020-07-15 13:30:00,260.8999938964844
2020-07-16 13:30:00,259.1199951171875
2020-07-17 13:30:00,259.4200134277344
2020-07-20 13:30:00,266.7799987792969
2020-07-21 13:30:00,264.0
2020-07-22 13:30:00,264.92999267578125
2020-07-23 13:30:00,258.010009765625
2020-07-24 13:30:00,255.55999755859375
2020-07-27 13:30:00,260.1199951171875
2020-07-28 13:30:00,256.80999755859375
2020-07-29 13:30:00,259.7699890136719
2020-07-30 13:30:00,261.1300048828125
2020-07-31 13:30:00,265.7900085449219
2020-08-03 13:30:00,269.3800048828125
2020-08-04 13:30:00,270.3800048828125
2020-08-05 13:30:00,271.04998779296875
2020-08-06 13:30:00,274.6400146484375
2020-08-07 13:30:00,271.4700012207031
2020-08-10 13:30:00,270.30999755859375
2020-08-11 13:30:00,265.19000244140625
2020-08-12 13:30:00,271.8599853515625
2020-08-13 13:30:00,272.4800109863281
2020-08-14 13:30:00,272.1600036621094
2020-08-17 13:30:00,275.32000732421875
2020-08-18 13:30:00,277.9700012207031
2020-08-19 13:30:00,276.1000061035156
2020-08-20 13:30:00,279.92999267578125
2020-08-21 13:30:00,281.8699951171875
2020-08-24 13:30:00,283.6300048828125
2020-08-25 13:30:00,285.8599853515625
2020-08-26 13:30:00,291.9599914550781
2020-08-27 13:30:00,291.04998779296875
2020-08-28 13:30:00,292.5299987792969
2020-08-31 13:30:00,294.8800048828125
2020-09-01 13:30:00,299.9200134277344
2020-09-02 13:30:00,302.760009765625
2020-09-03 13:30:00,287.4100036621094
2020-09-04 13:30:00,283.5799865722656
2020-09-08 13:30:00,269.95001220703125
2020-09-09 13:30:00,277.8800048828125
2020-09-10 13:30:00,272.3399963378906
2020-09-11 13:30:00,270.45001220703125
2020-09-14 13:30:00,275.1600036621094
2020-09-15 13:30:00,279.05999755859375
2020-09-16 13:30:00,274.6099853515625
2020-09-17 13:30:00,270.32000732421875
2020-09-18 13:30:00,266.8699951171875
2020-09-21 13:30:00,267.510009765625
2020-09-22 13:30:00,272.4800109863281
2020-09-23 13:30:00,264.1600036621094
2020-09-24 13:30:00,265.3900146484375
2020-09-25 13:30:00,271.55999755859375
2020-09-28 13:30:00,277.20001220703125
2020-09-29 13:30:00,275.95001220703125
2020-09-30 13:30:00,277.8399963378906
2020-10-01 13:30:00,282.25
2020-10-02 13:30:00,274.30999755859375
2020-10-05 13:30:00,280.1600036621094
2020-10-06 13:30:00,275.1600036621094
2020-10-07 13:30:00,279.9200134277344
2020-10-08 13:30:00,281.4100036621094
2020-10-09 13:30:00,285.7099914550781
2020-10-12 13:30:00,294.5299987792969
2020-10-13 13:30:00,294.5199890136719
2020-10-14 13:30:00,292.05999755859375
2020-10-15 13:30:00,290.1000061035156
2020-10-16 13:30:00,288.510009765625
2020-10-19 13:30:00,283.79998779296875
2020-10-20 13:30:00,284.4100036621094
2020-10-21 13:30:00,284.19000244140625
2020-10-22 13:30:00,284.17999267578125
2020-10-23 13:30:00,284.739990234375
2020-10-26 13:30:00,280.4700012207031
2020-10-27 13:30:00,282.6600036621094
2020-10-28 13:30:00,271.6400146484375
2020-10-29 13:30:00,276.3900146484375
2020-10-30 13:30:00,269.3800048828125
2020-11-02 14:30:00,269.9800109863281
2020-11-03 14:30:00,274.6499938964844
2020-11-04 14:30:00,286.9100036621094
2020-11-05 14:30:00,294.3900146484375
2020-11-06 14:30:00,294.6099853515625
2020-11-09 14:30:00,288.5899963378906
2020-11-10 14:30:00,283.4200134277344
2020-11-11 14:30:00,289.760009765625
2020-11-12 14:30:00,288.3999938964844
2020-11-13 14:30:00,290.92999267578125
2020-11-16 14:30:00,293.20001220703125
2020-11-17 14:30:00,292.2699890136719
2020-11-18 14:30:00,290.1099853515625
2020-11-19 14:30:00,292.3800048828125
2020-11-20 14:30:00,290.3800048828125
2020-11-23 14:30:00,290.3900146484375
2020-11-24 14:30:00,294.4700012207031
2020-11-25 14:30:00,296.2799987792969
2020-11-27 14:30:00,299.010009765625
2020-11-30 14:30:00,299.6199951171875
2020-12-01 14:30:00,303.4599914550781
2020-12-02 14:30:00,303.8500061035156
2020-12-03 14:30:00,304.2799987792969
2020-12-04 14:30:00,305.5199890136719
2020-12-07 14:30:00,307.25
2020-12-08 14:30:00,308.2900085449219
2020-12-09 14:30:00,301.30999755859375
2020-12-10 14:30:00,302.5199890136719
2020-12-11 14:30:00,301.8500061035156
2020-12-14 14:30:00,304.0400085449219
2020-12-15 14:30:00,307.2900085449219
2020-12-16 14:30:00,308.9800109863281
2020-12-17 14:30:00,311.0
2020-12-18 14:30:00,310.05999755859375
2020-12-21 14:30:00,308.9200134277344
2020-12-22 14:30:00,309.760009765625
2020-12-23 14:30:00,308.20001220703125
2020-12-24 14:30:00,309.55999755859375
2020-12-28 14:30:00,312.67999267578125
2020-12-29 14:30:00,312.9599914550781
2020-12-30 14:30:00,312.9700012207031
2020-12-31 14:30:00,313.739990234375
2021-01-04 14:30:00,309.30999755859375
2021-01-05 14:30:00,311.8599853515625
2021-01-06 14:30:00,307.5400085449219
2021-01-07 14:30:00,314.9800109863281
2021-01-08 14:30:00,319.0299987792969
2021-01-11 14:30:00,314.4200134277344
2021-01-12 14:30:00,313.9200134277344
2021-01-13 14:30:00,316.0400085449219
2021-01-14 14:30:00,314.3500061035156
2021-01-15 14:30:00,311.8599853515625
2021-01-19 14:30:00,316.4100036621094
2021-01-20 14:30:00,323.7699890136719
2021-01-21 14:30:00,326.3599853515625
2021-01-22 14:30:00,325.4200134277344
2021-01-25 14:30:00,328.1099853515625
2021-01-26 14:30:00,328.5899963378906
2021-01-27 14:30:00,319.42999267578125
2021-01-28 14:30:00,321.32000732421875
2021-01-29 14:30:00,314.55999755859375
2021-02-01 14:30:00,322.4200134277344
2021-02-02 14:30:00,327.67999267578125
2021-02-03 14:30:00,326.3800048828125
2021-02-04 14:30:00,330.239990234375
2021-02-05 14:30:00,331.3599853515625
2021-02-08 14:30:00,333.5799865722656
2021-02-09 14:30:00,333.510009765625
2021-02-10 14:30:00,332.75
2021-02-11 14:30:00,334.5799865722656
2021-02-12 14:30:00,336.45001220703125
2021-02-16 14:30:00,335.5400085449219
2021-02-17 14:30:00,333.92999267578125
2021-02-18 14:30:00,332.4700012207031
2021-02-19 14:30:00,331.0199890136719
2021-02-22 14:30:00,322.44000244140625
2021-02-23 14:30:00,321.4800109863281
2021-02-24 14:30:00,324.1300048828125
2021-02-25 14:30:00,312.8299865722656
2021-02-26 14:30:00,314.1400146484375
2021-03-01 14:30:00,323.5899963378906
2021-03-02 14:30:00,318.3999938964844
2021-03-03 14:30:00,309.1600036621094
2021-03-04 14:30:00,304.1000061035156
2021-03-05 14:30:00,308.67999267578125
2021-03-08 14:30:00,299.94000244140625
2021-03-09 14:30:00,311.7699890136719
2021-03-10 14:30:00,310.8800048828125
2021-03-11 14:30:00,318.0400085449219
2021-03-12 14:30:00,315.4599914550781
2021-03-15 13:30:00,318.8299865722656
2021-03-16 13:30:00,320.5799865722656
2021-03-17 13:30:00,321.8999938964844
2021-03-18 13:30:00,312.0400085449219
2021-03-19 13:30:00,313.1400146484375
2021-03-22 13:30:00,318.6099853515625
2021-03-23 13:30:00,317.2200012207031
2021-03-24 13:30:00,311.8699951171875
2021-03-25 13:30:00,311.3299865722656
2021-03-26 13:30:00,316.0
2021-03-29 13:30:00,315.9100036621094
2021-03-30 13:30:00,314.32000732421875
2021-03-31 13:30:00,319.1300048828125
2021-04-01 13:30:00,324.57000732421875
2021-04-05 13:30:00,331.04998779296875
2021-04-06 13:30:00,330.82000732421875
2021-04-07 13:30:00,331.6199951171875
2021-04-08 13:30:00,335.0799865722656
2021-04-09 13:30:00,337.1099853515625
2021-04-12 13:30:00,336.6700134277344
2021-04-13 13:30:00,340.6000061035156
2021-04-14 13:30:00,336.510009765625
2021-04-15 13:30:00,341.6099853515625
2021-04-16 13:30:00,342.010009765625
2021-04-19 13:30:00,338.8800048828125
2021-04-20 13:30:00,336.4100036621094
2021-04-21 13:30:00,339.2900085449219
2021-04-22 13:30:00,335.20001220703125
2021-04-23 13:30:00,339.4200134277344
2021-04-26 13:30:00,341.6300048828125
2021-04-27 13:30:00,340.1499938964844
2021-04-28 13:30:00,339.0
2021-04-29 13:30:00,340.2200012207031
2021-04-30 13:30:00,337.989990234375
2021-05-03 13:30:00,336.19000244140625
2021-05-04 13:30:00,330.1400146484375
2021-05-05 13:30:00,329.0299987792969
2021-05-06 13:30:00,331.510009765625
2021-05-07 13:30:00,334.20001220703125
2021-05-10 13:30:00,325.760009765625
2021-05-11 13:30:00,325.30999755859375
2021-05-12 13:30:00,316.8900146484375
2021-05-13 13:30:00,319.3399963378906
2021-05-14 13:30:00,326.3900146484375
2021-05-17 13:30:00,324.4100036621094
2021-05-18 13:30:00,322.2200012207031
2021-05-19 13:30:00,322.5899963378906
2021-05-20 13:30:00,328.8299865722656
2021-05-21 13:30:00,327.010009765625
2021-05-24 13:30:00,332.510009765625
2021-05-25 13:30:00,332.9700012207031
2021-05-26 13:30:00,334.1300048828125
2021-05-27 13:30:00,332.8800048828125
2021-05-28 13:30:00,333.92999267578125
2021-06-01 13:30:00,332.82000732421875
2021-06-02 13:30:00,333.4700012207031
2021-06-03 13:30:00,330.0
2021-06-04 13:30:00,335.6000061035156
2021-06-07 13:30:00,336.6000061035156
2021-06-08 13:30:00,336.760009765625
2021-06-09 13:30:00,336.8399963378906
2021-06-10 13:30:00,340.3500061035156
2021-06-11 13:30:00,341.239990234375
2021-06-14 13:30:00,344.510009765625
2021-06-15 13:30:00,342.260009765625
2021-06-16 13:30:00,341.010009765625
2021-06-17 13:30:00,345.3399963378906
2021-06-18 13:30:00,342.6300048828125
2021-06-21 13:30:00,344.3599853515625
2021-06-22 13:30:00,347.57000732421875
2021-06-23 13:30:00,347.739990234375
2021-06-24 13:30:00,349.8900146484375
2021-06-25 13:30:00,349.4599914550781
2021-06-28 13:30:00,353.7099914550781
2021-06-29 13:30:00,354.989990234375
2021-06-30 13:30:00,354.42999267578125
2021-07-01 13:30:00,354.57000732421875
2021-07-02 13:30:00,358.6400146484375
2021-07-06 13:30:00,360.19000244140625
2021-07-07 13:30:00,360.95001220703125
2021-07-08 13:30:00,358.7699890136719
2021-07-09 13:30:00,361.010009765625
2021-07-12 13:30:00,362.4200134277344
2021-07-13 13:30:00,362.4200134277344
2021-07-14 13:30:00,363.07000732421875
2021-07-15 13:30:00,360.5199890136719
2021-07-16 13:30:00,357.6000061035156
2021-07-19 13:30:00,354.6700134277344
2021-07-20 13:30:00,358.7900085449219
2021-07-21 13:30:00,361.55999755859375
2021-07-22 13:30:00,363.95001220703125
2021-07-23 13:30:00,368.20001220703125
2021-07-26 13:30:00,368.489990234375
2021-07-27 13:30:00,364.42999267578125
2021-07-28 13:30:00,365.8299865722656
2021-07-29 13:30:00,366.4800109863281
2021-07-30 13:30:00,364.57000732421875
2021-08-02 13:30:00,364.6000061035156
2021-08-03 13:30:00,366.80999755859375
2021-08-04 13:30:00,367.3399963378906
2021-08-05 13:30:00,369.6700134277344
2021-08-06 13:30:00,368.04998779296875
2021-08-09 13:30:00,368.7300109863281
2021-08-10 13:30:00,366.8399963378906
2021-08-11 13:30:00,366.2099914550781
2021-08-12 13:30:00,367.5299987792969
2021-08-13 13:30:00,368.82000732421875
2021-08-16 13:30:00,368.9800109863281
2021-08-17 13:30:00,365.7300109863281
2021-08-18 13:30:00,362.2099914550781
2021-08-19 13:30:00,363.9599914550781
2021-08-20 13:30:00,367.7300109863281
2021-08-23 13:30:00,373.2300109863281
2021-08-24 13:30:00,374.3699951171875
2021-08-25 13:30:00,374.79998779296875
2021-08-26 13:30:00,372.4200134277344
2021-08-27 13:30:00,376.0400085449219
2021-08-30 13:30:00,380.260009765625
2021-08-31 13:30:00,379.95001220703125
2021-09-01 13:30:00,380.5799865722656
2021-09-02 13:30:00,380.3999938964844
2021-09-03 13:30:00,381.57000732421875
2021-09-07 13:30:00,382.1099853515625
2021-09-08 13:30:00,380.7799987792969
2021-09-09 13:30:00,379.4700012207031
2021-09-10 13:30:00,376.5899963378906
2021-09-13 13:30:00,376.3299865722656
2021-09-14 13:30:00,375.260009765625
2021-09-15 13:30:00,378.04998779296875
2021-09-16 13:30:00,378.30999755859375
2021-09-17 13:30:00,373.8299865722656
2021-09-20 13:30:00,365.70001220703125
2021-09-21 13:30:00,366.1499938964844
2021-09-22 13:30:00,369.57000732421875
2021-09-23 13:30:00,372.9800109863281
2021-09-24 13:30:00,373.3299865722656
2021-09-27 13:30:00,370.3500061035156
2021-09-28 13:30:00,359.8699951171875
2021-09-29 13:30:00,359.2799987792969
2021-09-30 13:30:00,357.9599914550781
2021-10-01 13:30:00,360.17999267578125
2021-10-04 13:30:00,352.6199951171875
2021-10-05 13:30:00,357.3800048828125
2021-10-06 13:30:00,359.6700134277344
2021-10-07 13:30:00,362.9700012207031
2021-10-08 13:30:00,361.1600036621094
2021-10-11 13:30:00,358.3900146484375
2021-10-12 13:30:00,357.1400146484375
2021-10-13 13:30:00,360.0
2021-10-14 13:30:00,366.6300048828125
2021-10-15 13:30:00,368.94000244140625
2021-10-18 13:30:00,372.6499938964844
2021-10-19 13:30:00,375.4700012207031
2021-10-20 13:30:00,374.9800109863281
2021-10-21 13:30:00,377.2699890136719
2021-10-22 13:30:00,374.1000061035156
2021-10-25 13:30:00,377.92999267578125
2021-10-26 13:30:00,379.1199951171875
2021-10-27 13:30:00,380.0
2021-10-28 13:30:00,384.2200012207031
2021-10-29 13:30:00,386.1099853515625
2021-11-01 13:30:00,387.42999267578125
2021-11-02 13:30:00,389.04998779296875
2021-11-03 13:30:00,393.17999267578125
2021-11-04 13:30:00,398.2200012207031
2021-11-05 13:30:00,398.6000061035156
2021-11-08 14:30:00,398.05999755859375
2021-11-09 14:30:00,395.32000732421875
2021-11-10 14:30:00,389.510009765625
2021-11-11 14:30:00,390.5899963378906
2021-11-12 14:30:00,394.70001220703125
2021-11-15 14:30:00,394.6099853515625
2021-11-16 14:30:00,397.4200134277344
2021-11-17 14:30:00,397.6300048828125
2021-11-18 14:30:00,401.75
2021-11-19 14:30:00,403.989990234375
2021-11-22 14:30:00,399.29998779296875
2021-11-23 14:30:00,397.4800109863281
2021-11-24 14:30:00,398.760009765625
2021-11-26 14:30:00,391.20001220703125
2021-11-29 14:30:00,399.69000244140625
2021-11-30 14:30:00,393.82000732421875
2021-12-01 14:30:00,387.1199951171875
2021-12-02 14:30:00,389.9100036621094
2021-12-03 14:30:00,383.1300048828125
2021-12-06 14:30:00,386.20001220703125
2021-12-07 14:30:00,397.8299865722656
2021-12-08 14:30:00,399.6099853515625
2021-12-09 14:30:00,393.7300109863281
2021-12-10 14:30:00,398.010009765625
2021-12-13 14:30:00,392.260009765625
2021-12-14 14:30:00,388.20001220703125
2021-12-15 14:30:00,397.04998779296875
2021-12-16 14:30:00,386.8399963378906
2021-12-17 14:30:00,384.9100036621094
2021-12-20 14:30:00,380.69000244140625
2021-12-21 14:30:00,389.2099914550781
2021-12-22 14:30:00,393.95001220703125
2021-12-23 14:30:00,396.9200134277344
2021-12-27 14:30:00,403.4800109863281
2021-12-28 14:30:00,401.6099853515625
2021-12-29 14:30:00,401.54998779296875
2021-12-30 14:30:00,400.3500061035156
2021-12-31 14:30:00,397.8500061035156
2022-01-03 14:30:00,401.67999267578125
2022-01-04 14:30:00,396.4700012207031
2022-01-05 14:30:00,384.2900085449219
2022-01-06 14:30:00,384.0199890136719
2022-01-07 14:30:00,379.8599853515625
2022-01-10 14:30:00,380.1099853515625
2022-01-11 14:30:00,385.82000732421875
2022-01-12 14:30:00,387.3500061035156
2022-01-13 14:30:00,377.6600036621094
2022-01-14 14:30:00,380.010009765625
2022-01-18 14:30:00,370.54998779296875
2022-01-19 14:30:00,366.4800109863281
2022-01-20 14:30:00,361.7200012207031
2022-01-21 14:30:00,351.69000244140625
2022-01-24 14:30:00,353.29998779296875
2022-01-25 14:30:00,345.1099853515625
2022-01-26 14:30:00,344.57000732421875
2022-01-27 14:30:00,341.1000061035156
2022-01-28 14:30:00,351.79998779296875
2022-01-31 14:30:00,363.04998779296875
2022-02-01 14:30:00,365.5199890136719
2022-02-02 14:30:00,368.489990234375
2022-02-03 14:30:00,353.54998779296875
2022-02-04 14:30:00,358.010009765625
2022-02-07 14:30:00,355.1300048828125
2022-02-08 14:30:00,359.1199951171875
2022-02-09 14:30:00,366.7300109863281
2022-02-10 14:30:00,358.42999267578125
2022-02-11 14:30:00,347.05999755859375
2022-02-14 14:30:00,347.489990234375
2022-02-15 14:30:00,356.1300048828125
2022-02-16 14:30:00,356.0400085449219
2022-02-17 14:30:00,345.45001220703125
2022-02-18 14:30:00,341.510009765625
2022-02-22 14:30:00,338.0799865722656
2022-02-23 14:30:00,329.4200134277344
2022-02-24 14:30:00,340.489990234375
2022-02-25 14:30:00,345.7699890136719
2022-02-28 14:30:00,346.79998779296875
2022-03-01 14:30:00,341.489990234375
2022-03-02 14:30:00,347.2200012207031
2022-03-03 14:30:00,342.260009765625
2022-03-04 14:30:00,337.29998779296875
2022-03-07 14:30:00,324.8599853515625
2022-03-08 14:30:00,323.3500061035156
2022-03-09 14:30:00,334.989990234375
2022-03-10 14:30:00,331.2699890136719
2022-03-11 14:30:00,324.3999938964844
2022-03-14 13:30:00,318.1700134277344
2022-03-15 13:30:00,328.1499938964844
2022-03-16 13:30:00,340.32000732421875
2022-03-17 13:30:00,344.44000244140625
2022-03-18 13:30:00,351.489990234375
2022-03-21 13:30:00,350.0799865722656
2022-03-22 13:30:00,356.9599914550781
2022-03-23 13:30:00,351.8299865722656
2022-03-24 13:30:00,359.6499938964844
2022-03-25 13:30:00,359.3500061035156
2022-03-28 13:30:00,364.9100036621094
2022-03-29 13:30:00,371.19000244140625
2022-03-30 13:30:00,367.0899963378906
2022-03-31 13:30:00,362.5400085449219
2022-04-01 13:30:00,361.8500061035156
2022-04-04 13:30:00,369.29998779296875
2022-04-05 13:30:00,361.1000061035156
2022-04-06 13:30:00,353.260009765625
2022-04-07 13:30:00,354.1000061035156
2022-04-08 13:30:00,349.1499938964844
2022-04-11 13:30:00,340.8900146484375
2022-04-12 13:30:00,339.45001220703125
2022-04-13 13:30:00,346.3500061035156
2022-04-14 13:30:00,338.42999267578125
2022-04-18 13:30:00,338.69000244140625
2022-04-19 13:30:00,346.260009765625
2022-04-20 13:30:00,341.2099914550781
2022-04-21 13:30:00,334.1499938964844
2022-04-22 13:30:00,325.3999938964844
2022-04-25 13:30:00,329.5799865722656
2022-04-26 13:30:00,317.1400146484375
2022-04-27 13:30:00,316.760009765625
2022-04-28 13:30:00,328.010009765625
2022-04-29 13:30:00,313.25
2022-05-02 13:30:00,318.4800109863281
2022-05-03 13:30:00,318.82000732421875
2022-05-04 13:30:00,329.6000061035156
2022-05-05 13:30:00,313.0
2022-05-06 13:30:00,309.25
2022-05-09 13:30:00,297.1499938964844
2022-05-10 13:30:00,300.760009765625
2022-05-11 13:30:00,291.8399963378906
2022-05-12 13:30:00,291.1499938964844
2022-05-13 13:30:00,301.94000244140625
2022-05-16 13:30:00,298.44000244140625
2022-05-17 13:30:00,306.1700134277344
2022-05-18 13:30:00,291.1400146484375
2022-05-19 13:30:00,289.5799865722656
2022-05-20 13:30:00,288.67999267578125
2022-05-23 13:30:00,293.4800109863281
2022-05-24 13:30:00,287.239990234375
2022-05-25 13:30:00,291.260009765625
2022-05-26 13:30:00,299.3299865722656
2022-05-27 13:30:00,309.1000061035156
2022-05-31 13:30:00,308.2799987792969
2022-06-01 13:30:00,306.0
2022-06-02 13:30:00,314.3800048828125
2022-06-03 13:30:00,306.20001220703125
2022-06-06 13:30:00,307.2200012207031
2022-06-07 13:30:00,309.8699951171875
2022-06-08 13:30:00,307.6400146484375
2022-06-09 13:30:00,299.3999938964844
2022-06-10 13:30:00,288.8399963378906
2022-06-13 13:30:00,275.4100036621094
2022-06-14 13:30:00,275.9100036621094
2022-06-15 13:30:00,282.79998779296875
2022-06-16 13:30:00,271.3900146484375
2022-06-17 13:30:00,274.69000244140625
2022-06-21 13:30:00,281.0799865722656
2022-06-22 13:30:00,280.6700134277344
2022-06-23 13:30:00,284.8500061035156
2022-06-24 13:30:00,294.6099853515625
2022-06-27 13:30:00,292.45001220703125
2022-06-28 13:30:00,283.5400085449219
2022-06-29 13:30:00,283.79998779296875
2022-06-30 13:30:00,280.2799987792969
2022-07-01 13:30:00,282.1300048828125
2022-07-05 13:30:00,286.9599914550781
2022-07-06 13:30:00,288.79998779296875
2022-07-07 13:30:00,294.9800109863281
2022-07-08 13:30:00,295.3500061035156
2022-07-11 13:30:00,289.0400085449219
2022-07-12 13:30:00,286.239990234375
2022-07-13 13:30:00,285.6499938964844
2022-07-14 13:30:00,286.6700134277344
2022-07-15 13:30:00,291.8699951171875
2022-07-18 13:30:00,289.3999938964844
2022-07-19 13:30:00,298.29998779296875
2022-07-20 13:30:00,303.0299987792969
2022-07-21 13:30:00,307.3800048828125
2022-07-22 13:30:00,301.989990234375
2022-07-25 13:30:00,300.2699890136719
2022-07-26 13:30:00,294.3699951171875
2022-07-27 13:30:00,306.80999755859375
2022-07-28 13:30:00,309.80999755859375
2022-07-29 13:30:00,315.4599914550781
2022-08-01 13:30:00,315.2699890136719
2022-08-02 13:30:00,314.3299865722656
2022-08-03 13:30:00,322.8900146484375
2022-08-04 13:30:00,324.3999938964844
2022-08-05 13:30:00,321.75
2022-08-08 13:30:00,320.7099914550781
2022-08-09 13:30:00,317.0799865722656
2022-08-10 13:30:00,325.92999267578125
2022-08-11 13:30:00,324.0799865722656
2022-08-12 13:30:00,330.3900146484375
2022-08-15 13:30:00,333.05999755859375
2022-08-16 13:30:00,332.2799987792969
2022-08-17 13:30:00,328.489990234375
2022-08-18 13:30:00,329.2799987792969
2022-08-19 13:30:00,322.8599853515625
2022-08-22 13:30:00,314.3599853515625
2022-08-23 13:30:00,314.1000061035156
2022-08-24 13:30:00,315.010009765625
2022-08-25 13:30:00,320.5799865722656
2022-08-26 13:30:00,307.44000244140625
2022-08-29 13:30:00,304.4100036621094
2022-08-30 13:30:00,301.0199890136719
2022-08-31 13:30:00,299.2699890136719
2022-09-01 13:30:00,299.3999938964844
2022-09-02 13:30:00,295.1700134277344
2022-09-06 13:30:00,293.04998779296875
2022-09-07 13:30:00,298.9700012207031
2022-09-08 13:30:00,300.5199890136719
2022-09-09 13:30:00,307.0899963378906
2022-09-12 13:30:00,310.739990234375
2022-09-13 13:30:00,293.70001220703125
2022-09-14 13:30:00,296.0299987792969
2022-09-15 13:30:00,291.1000061035156
2022-09-16 13:30:00,289.32000732421875
2022-09-19 13:30:00,291.04998779296875
2022-09-20 13:30:00,288.7300109863281
2022-09-21 13:30:00,283.55999755859375
2022-09-22 13:30:00,280.07000732421875
2022-09-23 13:30:00,275.510009765625
2022-09-26 13:30:00,274.3699951171875
2022-09-27 13:30:00,274.4800109863281
2022-09-28 13:30:00,279.94000244140625
2022-09-29 13:30:00,271.8699951171875
2022-09-30 13:30:00,267.260009765625
2022-10-03 13:30:00,273.5299987792969
2022-10-04 13:30:00,282.1300048828125
2022-10-05 13:30:00,281.9800109863281
2022-10-06 13:30:00,279.760009765625
2022-10-07 13:30:00,269.1000061035156
2022-10-10 13:30:00,266.4100036621094
2022-10-11 13:30:00,262.75
2022-10-12 13:30:00,262.6600036621094
2022-10-13 13:30:00,268.82000732421875
2022-10-14 13:30:00,260.739990234375
2022-10-17 13:30:00,269.3500061035156
2022-10-18 13:30:00,271.4800109863281
2022-10-19 13:30:00,270.489990234375
2022-10-20 13:30:00,269.1099853515625
2022-10-21 13:30:00,275.4200134277344
2022-10-24 13:30:00,278.45001220703125
2022-10-25 13:30:00,284.2099914550781
2022-10-26 13:30:00,277.92999267578125
2022-10-27 13:30:00,272.8699951171875
2022-10-28 13:30:00,281.2200012207031
2022-10-31 13:30:00,277.95001220703125
2022-11-01 13:30:00,275.1099853515625
2022-11-02 13:30:00,265.67999267578125
2022-11-03 13:30:00,260.489990234375
2022-11-04 13:30:00,264.67999267578125
2022-11-07 14:30:00,267.5899963378906
2022-11-08 14:30:00,269.5400085449219
2022-11-09 14:30:00,263.32000732421875
2022-11-10 14:30:00,282.75
2022-11-11 14:30:00,287.9599914550781
2022-11-14 14:30:00,285.44000244140625
2022-11-15 14:30:00,289.3900146484375
2022-11-16 14:30:00,285.44000244140625
2022-11-17 14:30:00,284.80999755859375
2022-11-18 14:30:00,284.82000732421875
2022-11-21 14:30:00,281.8900146484375
2022-11-22 14:30:00,285.95001220703125
2022-11-23 14:30:00,288.82000732421875
2022-11-25 14:30:00,286.9200134277344
2022-11-28 14:30:00,282.7099914550781
2022-11-29 14:30:00,280.57000732421875
2022-11-30 14:30:00,293.3599853515625
2022-12-01 14:30:00,293.7200012207031
2022-12-02 14:30:00,292.54998779296875
2022-12-05 14:30:00,287.6400146484375
2022-12-06 14:30:00,281.67999267578125
2022-12-07 14:30:00,280.5299987792969
2022-12-08 14:30:00,283.8500061035156
2022-12-09 14:30:00,282.0400085449219
2022-12-12 14:30:00,285.5799865722656
2022-12-13 14:30:00,288.6499938964844
2022-12-14 14:30:00,286.510009765625
2022-12-15 14:30:00,276.8900146484375
2022-12-16 14:30:00,274.25
2022-12-19 14:30:00,269.75
2022-12-20 14:30:00,269.5400085449219
2022-12-21 14:30:00,273.45001220703125
2022-12-22 14:30:00,266.760009765625
2022-12-23 14:30:00,267.3599853515625
2022-12-27 14:30:00,263.5799865722656
2022-12-28 14:30:00,260.1000061035156
2022-12-29 14:30:00,266.44000244140625
2022-12-30 14:30:00,266.2799987792969
2023-01-03 14:30:00,264.4800109863281
2023-01-04 14:30:00,265.739990234375
2023-01-05 14:30:00,261.5799865722656
2023-01-06 14:30:00,268.79998779296875
2023-01-09 14:30:00,270.5400085449219
2023-01-10 14:30:00,272.8299865722656
2023-01-11 14:30:00,277.54998779296875
2023-01-12 14:30:00,279.04998779296875
2023-01-13 14:30:00,280.9700012207031
2023-01-17 14:30:00,281.5400085449219
2023-01-18 14:30:00,277.8800048828125
2023-01-19 14:30:00,275.1499938964844
2023-01-20 14:30:00,282.67999267578125
2023-01-23 14:30:00,288.9599914550781
2023-01-24 14:30:00,288.3699951171875
2023-01-25 14:30:00,287.7300109863281
2023-01-26 14:30:00,293.3399963378906
2023-01-27 14:30:00,296.260009765625
2023-01-30 14:30:00,290.2699890136719
2023-01-31 14:30:00,294.6199951171875
2023-02-01 14:30:00,300.9200134277344
2023-02-02 14:30:00,311.7200012207031
2023-02-03 14:30:00,306.17999267578125
2023-02-06 14:30:00,303.5899963378906
2023-02-07 14:30:00,309.8800048828125
2023-02-08 14:30:00,304.3699951171875
2023-02-09 14:30:00,301.67999267578125
2023-02-10 14:30:00,299.70001220703125
2023-02-13 14:30:00,304.5
2023-02-14 14:30:00,306.75
2023-02-15 14:30:00,309.1000061035156
2023-02-16 14:30:00,303.29998779296875
2023-02-17 14:30:00,301.1600036621094
2023-02-21 14:30:00,294.0299987792969
2023-02-22 14:30:00,294.25
2023-02-23 14:30:00,296.82000732421875
2023-02-24 14:30:00,291.8500061035156
2023-02-27 14:30:00,293.94000244140625
2023-02-28 14:30:00,293.55999755859375
2023-03-01 14:30:00,291.20001220703125
2023-03-02 14:30:00,293.6099853515625
2023-03-03 14:30:00,299.67999267578125
2023-03-06 14:30:00,300.0199890136719
2023-03-07 14:30:00,296.3399963378906
2023-03-08 14:30:00,297.82000732421875
2023-03-09 14:30:00,292.6600036621094
2023-03-10 14:30:00,288.54998779296875
2023-03-13 13:30:00,290.69000244140625
2023-03-14 13:30:00,297.3699951171875
2023-03-15 13:30:00,298.92999267578125
2023-03-16 13:30:00,306.80999755859375
2023-03-17 13:30:00,305.3599853515625
2023-03-20 13:30:00,305.9700012207031
2023-03-21 13:30:00,310.3399963378906
2023-03-22 13:30:00,306.1199951171875
2023-03-23 13:30:00,309.75
2023-03-24 13:30:00,310.8900146484375
2023-03-27 13:30:00,308.760009765625
2023-03-28 13:30:00,307.1199951171875
2023-03-29 13:30:00,312.7200012207031
2023-03-30 13:30:00,315.67999267578125
2023-03-31 13:30:00,320.92999267578125
2023-04-03 13:30:00,320.1499938964844
2023-04-04 13:30:00,319.07000732421875
2023-04-05 13:30:00,315.9200134277344
2023-04-06 13:30:00,318.04998779296875
2023-04-10 13:30:00,317.8699951171875
2023-04-11 13:30:00,315.8299865722656
2023-04-12 13:30:00,313.0400085449219
2023-04-13 13:30:00,319.1700134277344
2023-04-14 13:30:00,318.57000732421875
2023-04-17 13:30:00,318.8399963378906
2023-04-18 13:30:00,318.8599853515625
2023-04-19 13:30:00,318.7099914550781
2023-04-20 13:30:00,316.2799987792969
2023-04-21 13:30:00,316.6099853515625
2023-04-24 13:30:00,315.95001220703125
2023-04-25 13:30:00,309.989990234375
2023-04-26 13:30:00,311.8699951171875
2023-04-27 13:30:00,320.3500061035156
2023-04-28 13:30:00,322.55999755859375
2023-05-01 13:30:00,322.19000244140625
2023-05-02 13:30:00,319.3800048828125
2023-05-03 13:30:00,317.2900085449219
2023-05-04 13:30:00,316.1700134277344
2023-05-05 13:30:00,322.8900146484375
2023-05-08 13:30:00,323.69000244140625
2023-05-09 13:30:00,321.6400146484375
2023-05-10 13:30:00,325.1400146484375
2023-05-11 13:30:00,326.20001220703125
2023-05-12 13:30:00,325.0299987792969
2023-05-15 13:30:00,326.7900085449219
2023-05-16 13:30:00,327.1600036621094
2023-05-17 13:30:00,331.1199951171875
2023-05-18 13:30:00,337.2699890136719
2023-05-19 13:30:00,336.510009765625
2023-05-22 13:30:00,337.6400146484375
2023-05-23 13:30:00,333.3599853515625
2023-05-24 13:30:00,331.6499938964844
2023-05-25 13:30:00,339.7200012207031
2023-05-26 13:30:00,348.3999938964844
2023-05-30 13:30:00,349.9800109863281
2023-05-31 13:30:00,347.989990234375
2023-06-01 13:30:00,352.010009765625
2023-06-02 13:30:00,354.6499938964844
2023-06-05 13:30:00,354.8999938964844
2023-06-06 13:30:00,354.8399963378906
2023-06-07 13:30:00,348.82000732421875
2023-06-08 13:30:00,353.1499938964844
2023-06-09 13:30:00,354.5
2023-06-12 13:30:00,360.489990234375
2023-06-13 13:30:00,363.260009765625
2023-06-14 13:30:00,365.8999938964844
2023-06-15 13:30:00,370.260009765625
2023-06-16 13:30:00,367.92999267578125
2023-06-20 13:30:00,366.8999938964844
2023-06-21 13:30:00,361.8999938964844
2023-06-22 13:30:00,366.1700134277344
2023-06-23 13:30:00,362.5400085449219
2023-06-26 13:30:00,357.67999267578125
2023-06-27 13:30:00,363.8299865722656
2023-06-28 13:30:00,364.5400085449219
2023-06-29 13:30:00,363.80999755859375
2023-06-30 13:30:00,369.4200134277344
2023-07-03 13:30:00,370.2900085449219
2023-07-05 13:30:00,370.2799987792969
2023-07-06 13:30:00,367.4599914550781
2023-07-07 13:30:00,366.239990234375
2023-07-10 13:30:00,366.3599853515625
2023-07-11 13:30:00,368.1700134277344
2023-07-12 13:30:00,372.82000732421875
2023-07-13 13:30:00,379.1499938964844
2023-07-14 13:30:00,379.07000732421875
2023-07-17 13:30:00,382.6099853515625
2023-07-18 13:30:00,385.739990234375
2023-07-19 13:30:00,385.6499938964844
2023-07-20 13:30:00,376.760009765625
2023-07-21 13:30:00,375.6300048828125
2023-07-24 13:30:00,376.2300109863281
2023-07-25 13:30:00,378.7799987792969
2023-07-26 13:30:00,377.5199890136719
2023-07-27 13:30:00,376.6199951171875
2023-07-28 13:30:00,383.4800109863281
2023-07-31 13:30:00,383.67999267578125
2023-08-01 13:30:00,382.7900085449219
2023-08-02 13:30:00,374.3900146484375
2023-08-03 13:30:00,373.7900085449219
2023-08-04 13:30:00,372.0400085449219
2023-08-07 13:30:00,375.19000244140625
2023-08-08 13:30:00,372.0
2023-08-09 13:30:00,367.9100036621094
2023-08-10 13:30:00,368.5899963378906
2023-08-11 13:30:00,366.239990234375
2023-08-14 13:30:00,370.3500061035156
2023-08-15 13:30:00,366.4200134277344
2023-08-16 13:30:00,362.5400085449219
2023-08-17 13:30:00,358.5799865722656
2023-08-18 13:30:00,358.1300048828125
2023-08-21 13:30:00,363.8999938964844
2023-08-22 13:30:00,363.3800048828125
2023-08-23 13:30:00,369.1099853515625
2023-08-24 13:30:00,361.2200012207031
2023-08-25 13:30:00,364.0199890136719
2023-08-28 13:30:00,366.760009765625
2023-08-29 13:30:00,374.7699890136719
2023-08-30 13:30:00,376.8599853515625
2023-08-31 13:30:00,377.989990234375
2023-09-01 13:30:00,377.5899963378906
2023-09-05 13:30:00,378.07000732421875
2023-09-06 13:30:00,374.739990234375
2023-09-07 13:30:00,372.05999755859375
2023-09-08 13:30:00,372.5799865722656
2023-09-11 13:30:00,376.9700012207031
2023-09-12 13:30:00,372.7900085449219
2023-09-13 13:30:00,374.2099914550781
2023-09-14 13:30:00,377.2699890136719
2023-09-15 13:30:00,370.80999755859375
2023-09-18 13:30:00,370.6600036621094
2023-09-19 13:30:00,369.8699951171875
2023-09-20 13:30:00,364.5400085449219
2023-09-21 13:30:00,357.8599853515625
2023-09-22 13:30:00,357.9100036621094
2023-09-25 13:30:00,359.6099853515625
2023-09-26 13:30:00,354.2099914550781
2023-09-27 13:30:00,355.0400085449219
2023-09-28 13:30:00,358.010009765625
2023-09-29 13:30:00,358.2699890136719
2023-10-02 13:30:00,361.260009765625
2023-10-03 13:30:00,354.9200134277344
2023-10-04 13:30:00,359.75
2023-10-05 13:30:00,358.69000244140625
2023-10-06 13:30:00,364.70001220703125
2023-10-09 13:30:00,366.55999755859375
2023-10-10 13:30:00,368.5899963378906
2023-10-11 13:30:00,371.2200012207031
2023-10-12 13:30:00,369.92999267578125
2023-10-13 13:30:00,365.2799987792969
2023-10-16 13:30:00,369.4100036621094
2023-10-17 13:30:00,368.20001220703125
2023-10-18 13:30:00,363.3699951171875
2023-10-19 13:30:00,359.9700012207031
2023-10-20 13:30:00,354.6000061035156
2023-10-23 13:30:00,355.6700134277344
2023-10-24 13:30:00,359.1300048828125
2023-10-25 13:30:00,350.3399963378906
2023-10-26 13:30:00,343.6600036621094
2023-10-27 13:30:00,345.30999755859375
2023-10-30 13:30:00,349.20001220703125
2023-10-31 13:30:00,350.8699951171875
2023-11-01 13:30:00,356.9599914550781
2023-11-02 13:30:00,363.44000244140625
2023-11-03 13:30:00,367.7099914550781
2023-11-06 14:30:00,369.2099914550781
2023-11-07 14:30:00,372.70001220703125
2023-11-08 14:30:00,372.94000244140625
2023-11-09 14:30:00,370.07000732421875
2023-11-10 14:30:00,378.3900146484375
2023-11-13 14:30:00,377.2099914550781
2023-11-14 14:30:00,385.3299865722656
2023-11-15 14:30:00,385.6199951171875
2023-11-16 14:30:00,385.95001220703125
2023-11-17 14:30:00,386.0400085449219
2023-11-20 14:30:00,390.739990234375
2023-11-21 14:30:00,388.4700012207031
2023-11-22 14:30:00,390.05999755859375
2023-11-24 14:30:00,389.510009765625
2023-11-27 14:30:00,389.1700134277344
2023-11-28 14:30:00,390.19000244140625
2023-11-29 14:30:00,389.80999755859375
2023-11-30 14:30:00,388.8299865722656
2023-12-01 14:30:00,389.94000244140625
2023-12-04 14:30:00,386.32000732421875
2023-12-05 14:30:00,387.2900085449219
2023-12-06 14:30:00,385.04998779296875
2023-12-07 14:30:00,390.42999267578125
2023-12-08 14:30:00,392.1700134277344
2023-12-11 14:30:00,395.5199890136719
2023-12-12 14:30:00,398.6700134277344
2023-12-13 14:30:00,403.739990234375
2023-12-14 14:30:00,403.3900146484375
2023-12-15 14:30:00,405.3399963378906
2023-12-18 14:30:00,407.0799865722656
2023-12-19 14:30:00,409.1600036621094
2023-12-20 14:30:00,403.0799865722656
2023-12-21 14:30:00,407.7699890136719
2023-12-22 14:30:00,408.3800048828125
2023-12-26 14:30:00,410.8800048828125
2023-12-27 14:30:00,411.5
2023-12-28 14:30:00,411.29998779296875
2023-12-29 14:30:00,409.5199890136719
2024-01-02 14:30:00,402.5899963378906
2024-01-03 14:30:00,398.3299865722656
2024-01-04 14:30:00,396.2799987792969
2024-01-05 14:30:00,396.75
2024-01-08 14:30:00,404.95001220703125
2024-01-09 14:30:00,405.75
2024-01-10 14:30:00,408.5
2024-01-11 14:30:00,409.3500061035156
2024-01-12 14:30:00,409.55999755859375
2024-01-16 14:30:00,409.5199890136719
2024-01-17 14:30:00,407.2099914550781
2024-01-18 14:30:00,412.989990234375
2024-01-19 14:30:00,421.17999267578125
2024-01-22 14:30:00,421.7300109863281
2024-01-23 14:30:00,423.4800109863281
2024-01-24 14:30:00,425.8299865722656
2024-01-25 14:30:00,426.3500061035156
2024-01-26 14:30:00,423.80999755859375
2024-01-29 14:30:00,428.1499938964844
2024-01-30 14:30:00,425.29998779296875
2024-01-31 14:30:00,416.9700012207031
2024-02-01 14:30:00,421.8800048828125
2024-02-02 14:30:00,429.010009765625
2024-02-05 14:30:00,428.45001220703125
2024-02-06 14:30:00,427.5899963378906
2024-02-07 14:30:00,431.989990234375
2024-02-08 14:30:00,432.7900085449219
2024-02-09 14:30:00,437.04998779296875
2024-02-12 14:30:00,435.3399963378906
2024-02-13 14:30:00,428.54998779296875
2024-02-14 14:30:00,433.2200012207031
2024-02-15 14:30:00,434.510009765625
2024-02-16 14:30:00,430.57000732421875
2024-02-20 14:30:00,427.32000732421875
2024-02-21 14:30:00,425.6099853515625
2024-02-22 14:30:00,438.07000732421875
2024-02-23 14:30:00,436.7799987792969
2024-02-26 14:30:00,436.54998779296875
2024-02-27 14:30:00,437.6000061035156
2024-02-28 14:30:00,435.2699890136719
2024-02-29 14:30:00,439.0
2024-03-01 14:30:00,445.6099853515625
2024-03-04 14:30:00,444.0199890136719
2024-03-05 14:30:00,436.04998779296875
2024-03-06 14:30:00,438.7900085449219
2024-03-07 14:30:00,445.45001220703125
2024-03-08 14:30:00,439.0199890136719
2024-03-11 13:30:00,437.3900146484375
2024-03-12 13:30:00,443.6600036621094
2024-03-13 13:30:00,440.25
2024-03-14 13:30:00,439.1400146484375
2024-03-15 13:30:00,433.9200134277344
2024-03-18 13:30:00,437.4800109863281
2024-03-19 13:30:00,438.57000732421875
2024-03-20 13:30:00,443.7699890136719
2024-03-21 13:30:00,445.8699951171875
2024-03-22 13:30:00,446.3800048828125
2024-03-25 13:30:00,444.760009765625
2024-03-26 13:30:00,443.32000732421875
2024-03-27 13:30:00,444.8299865722656
2024-03-28 13:30:00,444.010009765625
2024-04-01 13:30:00,444.95001220703125
2024-04-02 13:30:00,441.1099853515625
2024-04-03 13:30:00,442.1000061035156
2024-04-04 13:30:00,435.3399963378906
2024-04-05 13:30:00,440.4700012207031
2024-04-08 13:30:00,440.6000061035156
2024-04-09 13:30:00,442.2300109863281
2024-04-10 13:30:00,438.3699951171875
2024-04-11 13:30:00,445.3699951171875
2024-04-12 13:30:00,438.2699890136719
2024-04-15 13:30:00,431.05999755859375
2024-04-16 13:30:00,431.1000061035156
2024-04-17 13:30:00,425.8399963378906
2024-04-18 13:30:00,423.4100036621094
2024-04-19 13:30:00,414.6499938964844
2024-04-22 13:30:00,418.82000732421875
2024-04-23 13:30:00,425.07000732421875
2024-04-24 13:30:00,426.510009765625
2024-04-25 13:30:00,424.45001220703125
2024-04-26 13:30:00,431.0
2024-04-29 13:30:00,432.75
2024-04-30 13:30:00,424.5899963378906
2024-05-01 13:30:00,421.5199890136719
2024-05-02 13:30:00,426.8999938964844
2024-05-03 13:30:00,435.4800109863281
2024-05-06 13:30:00,440.25
2024-05-07 13:30:00,440.32000732421875
2024-05-08 13:30:00,440.05999755859375
2024-05-09 13:30:00,441.0199890136719
2024-05-10 13:30:00,442.05999755859375
2024-05-13 13:30:00,443.0799865722656
2024-05-14 13:30:00,445.92999267578125
2024-05-15 13:30:00,452.8999938964844
2024-05-16 13:30:00,451.9800109863281
2024-05-17 13:30:00,451.760009765625
2024-05-20 13:30:00,454.9100036621094
2024-05-21 13:30:00,455.79998779296875
2024-05-22 13:30:00,455.7099914550781
2024-05-23 13:30:00,453.6600036621094
2024-05-24 13:30:00,457.95001220703125
2024-05-28 13:30:00,459.67999267578125
2024-05-29 13:30:00,456.44000244140625
2024-05-30 13:30:00,451.54998779296875
2024-05-31 13:30:00,450.7099914550781
2024-06-03 13:30:00,453.1300048828125
2024-06-04 13:30:00,454.3699951171875
2024-06-05 13:30:00,463.5299987792969
2024-06-06 13:30:00,463.3699951171875
2024-06-07 13:30:00,462.9599914550781
2024-06-10 13:30:00,464.8299865722656
2024-06-11 13:30:00,468.0199890136719
2024-06-12 13:30:00,474.1499938964844
2024-06-13 13:30:00,476.7200012207031
2024-06-14 13:30:00,479.19000244140625
2024-06-17 13:30:00,485.05999755859375
2024-06-18 13:30:00,485.2099914550781
2024-06-20 13:30:00,481.4700012207031
2024-06-21 13:30:00,480.17999267578125
2024-06-24 13:30:00,473.9599914550781
2024-06-25 13:30:00,479.3800048828125
2024-06-26 13:30:00,480.3699951171875
2024-06-27 13:30:00,481.6099853515625
2024-06-28 13:30:00,479.1099853515625
2024-07-01 13:30:00,481.9200134277344
2024-07-02 13:30:00,486.9800109863281
2024-07-03 13:30:00,491.0400085449219
2024-07-05 13:30:00,496.1600036621094
2024-07-08 13:30:00,497.3399963378906
2024-07-09 13:30:00,497.7699890136719
2024-07-10 13:30:00,502.9599914550781
2024-07-11 13:30:00,491.92999267578125
2024-07-12 13:30:00,494.82000732421875
2024-07-15 13:30:00,496.1499938964844
2024-07-16 13:30:00,496.3399963378906
2024-07-17 13:30:00,481.7699890136719
2024-07-18 13:30:00,479.489990234375
2024-07-19 13:30:00,475.239990234375
2024-07-22 13:30:00,482.32000732421875
2024-07-23 13:30:00,480.6199951171875
2024-07-24 13:30:00,463.3800048828125
2024-07-25 13:30:00,458.2699890136719
2024-07-26 13:30:00,462.9700012207031
2024-07-29 13:30:00,463.8999938964844
2024-07-30 13:30:00,457.5299987792969
2024-07-31 13:30:00,471.07000732421875
2024-08-01 13:30:00,459.6600036621094
2024-08-02 13:30:00,448.75
2024-08-05 13:30:00,435.3699951171875
2024-08-06 13:30:00,439.5299987792969
2024-08-07 13:30:00,434.7699890136719
2024-08-08 13:30:00,448.07000732421875
2024-08-09 13:30:00,450.4100036621094
2024-08-12 13:30:00,451.3800048828125
2024-08-13 13:30:00,462.5799865722656
2024-08-14 13:30:00,462.7300109863281
2024-08-15 13:30:00,474.4200134277344
2024-08-16 13:30:00,475.0299987792969
2024-08-19 13:30:00,481.2699890136719
2024-08-20 13:30:00,480.260009765625
2024-08-21 13:30:00,482.5
2024-08-22 13:30:00,474.8500061035156
2024-08-23 13:30:00,480.0
2024-08-26 13:30:00,475.3399963378906
2024-08-27 13:30:00,476.760009765625
2024-08-28 13:30:00,471.3500061035156
2024-08-29 13:30:00,470.6600036621094
2024-08-30 13:30:00,476.2699890136719
2024-09-03 13:30:00,461.80999755859375
2024-09-04 13:30:00,460.6099853515625
2024-09-05 13:30:00,461.0400085449219
2024-09-06 13:30:00,448.69000244140625
2024-09-09 13:30:00,454.4599914550781
2024-09-10 13:30:00,458.6600036621094
2024-09-11 13:30:00,468.6199951171875
2024-09-12 13:30:00,473.2200012207031
2024-09-13 13:30:00,475.3399963378906
2024-09-16 13:30:00,473.239990234375
2024-09-17 13:30:00,473.489990234375
2024-09-18 13:30:00,471.44000244140625
2024-09-19 13:30:00,483.3599853515625
2024-09-20 13:30:00,482.44000244140625
2024-09-23 13:30:00,483.0400085449219
2024-09-24 13:30:00,485.3699951171875
2024-09-25 13:30:00,485.82000732421875
2024-09-26 13:30:00,489.4700012207031
2024-09-27 13:30:00,486.75
2024-09-30 13:30:00,488.07000732421875
2024-10-01 13:30:00,481.2699890136719
2024-10-02 13:30:00,481.95001220703125
2024-10-03 13:30:00,481.5899963378906
2024-10-04 13:30:00,487.32000732421875
2024-10-07 13:30:00,482.1000061035156
2024-10-08 13:30:00,489.29998779296875
2024-10-09 13:30:00,493.1499938964844
2024-10-10 13:30:00,492.5899963378906
2024-10-11 13:30:00,493.3599853515625
2024-10-14 13:30:00,497.5
2024-10-15 13:30:00,490.8500061035156
2024-10-16 13:30:00,490.9100036621094
2024-10-17 13:30:00,491.25
2024-10-18 13:30:00,494.4700012207031
2024-10-21 13:30:00,495.4200134277344
2024-10-22 13:30:00,495.9599914550781
2024-10-23 13:30:00,488.3599853515625
2024-10-24 13:30:00,492.32000732421875
2024-10-25 13:30:00,495.32000732421875
2024-10-28 13:30:00,495.3999938964844
2024-10-29 13:30:00,500.1600036621094
2024-10-30 13:30:00,496.3800048828125
2024-10-31 13:30:00,483.8500061035156
2024-11-01 13:30:00,487.42999267578125
2024-11-04 14:30:00,486.010009765625
2024-11-05 14:30:00,492.2099914550781
2024-11-06 14:30:00,505.5799865722656
2024-11-07 14:30:00,513.5399780273438
2024-11-08 14:30:00,514.1400146484375
2024-11-11 14:30:00,513.8400268554688
2024-11-12 14:30:00,512.9099731445312
2024-11-13 14:30:00,512.25
2024-11-14 14:30:00,508.69000244140625
2024-11-15 14:30:00,496.57000732421875
2024-11-18 14:30:00,500.0199890136719
2024-11-19 14:30:00,503.4599914550781
2024-11-20 14:30:00,503.1700134277344
2024-11-21 14:30:00,504.9800109863281
2024-11-22 14:30:00,505.7900085449219
2024-11-25 14:30:00,506.5899963378906
2024-11-26 14:30:00,509.30999755859375
2024-11-27 14:30:00,505.29998779296875
2024-11-29 14:30:00,509.739990234375
2024-12-02 14:30:00,515.2899780273438
2024-12-03 14:30:00,516.8699951171875
2024-12-04 14:30:00,523.260009765625
2024-12-05 14:30:00,521.8099975585938
2024-12-06 14:30:00,526.47998046875
2024-12-09 14:30:00,522.3800048828125
2024-12-10 14:30:00,520.5999755859375
2024-12-11 14:30:00,529.9199829101562
2024-12-12 14:30:00,526.5
2024-12-13 14:30:00,530.530029296875
2024-12-16 14:30:00,538.1699829101562
2024-12-17 14:30:00,535.7999877929688
2024-12-18 14:30:00,516.469970703125
2024-12-19 14:30:00,514.1699829101562
2024-12-20 14:30:00,518.6599731445312
2024-12-23 14:30:00,522.8699951171875
2024-12-24 14:30:00,529.9600219726562
2024-12-26 14:30:00,529.5999755859375
2024-12-27 14:30:00,522.5599975585938
2024-12-30 14:30:00,515.6099853515625
2024-12-31 14:30:00,511.2300109863281
2025-01-02 14:30:00,510.2300109863281
2025-01-03 14:30:00,518.5800170898438
2025-01-06 14:30:00,524.5399780273438
2025-01-07 14:30:00,515.1799926757812
2025-01-08 14:30:00,515.27001953125
2025-01-10 14:30:00,507.19000244140625
2025-01-13 14:30:00,505.55999755859375
2025-01-14 14:30:00,505.0799865722656
2025-01-15 14:30:00,516.7000122070312
2025-01-16 14:30:00,513.0800170898438
2025-01-17 14:30:00,521.739990234375
2025-01-21 14:30:00,524.7999877929688
2025-01-22 14:30:00,531.510009765625
2025-01-23 14:30:00,532.6400146484375
2025-01-24 14:30:00,529.6300048828125
2025-01-27 14:30:00,514.2100219726562
2025-01-28 14:30:00,521.8099975585938
2025-01-29 14:30:00,520.8300170898438
2025-01-30 14:30:00,523.0499877929688
2025-01-31 14:30:00,522.2899780273438
2025-02-03 14:30:00,518.1099853515625
2025-02-04 14:30:00,524.469970703125
2025-02-05 14:30:00,526.8499755859375
2025-02-06 14:30:00,529.5999755859375
2025-02-07 14:30:00,522.9199829101562
2025-02-10 14:30:00,529.25
2025-02-11 14:30:00,527.989990234375
2025-02-12 14:30:00,528.2999877929688
2025-02-13 14:30:00,535.9000244140625
2025-02-14 14:30:00,538.1500244140625
2025-02-18 14:30:00,539.3699951171875
2025-02-19 14:30:00,539.52001953125
2025-02-20 14:30:00,537.22998046875
2025-02-21 14:30:00,526.0800170898438
2025-02-24 14:30:00,519.8699951171875
2025-02-25 14:30:00,513.3200073242188
2025-02-26 14:30:00,514.5599975585938
2025-02-27 14:30:00,500.2699890136719
2025-02-28 14:30:00,508.1700134277344
2025-03-03 14:30:00,497.04998779296875
2025-03-04 14:30:00,495.54998779296875
2025-03-05 14:30:00,502.010009765625
2025-03-06 14:30:00,488.20001220703125
2025-03-07 14:30:00,491.7900085449219
2025-03-10 13:30:00,472.7300109863281
2025-03-11 13:30:00,471.6000061035156
2025-03-12 13:30:00,476.9200134277344
2025-03-13 13:30:00,468.3399963378906
2025-03-14 13:30:00,479.6600036621094
2025-03-17 13:30:00,482.7699890136719
2025-03-18 13:30:00,474.5400085449219
2025-03-19 13:30:00,480.8900146484375
2025-03-20 13:30:00,479.260009765625
2025-03-21 13:30:00,480.8399963378906
2025-03-24 13:30:00,490.6600036621094
2025-03-25 13:30:00,493.4599914550781
2025-03-26 13:30:00,484.3800048828125
2025-03-27 13:30:00,481.6199951171875
2025-03-28 13:30:00,468.94000244140625
2025-03-31 13:30:00,468.9200134277344
2025-04-01 13:30:00,472.70001220703125
2025-04-02 13:30:00,476.1499938964844
2025-04-03 13:30:00,450.6600036621094
2025-04-04 13:30:00,422.6700134277344
2025-04-07 13:30:00,423.69000244140625
2025-04-08 13:30:00,416.05999755859375
2025-04-09 13:30:00,466.0
2025-04-10 13:30:00,446.17999267578125
2025-04-11 13:30:00,454.3999938964844
2025-04-14 13:30:00,457.4800109863281
2025-04-15 13:30:00,457.989990234375
2025-04-16 13:30:00,444.17999267578125
2025-04-17 13:30:00,444.1000061035156
2025-04-21 13:30:00,433.1099853515625
2025-04-22 13:30:00,444.4800109863281
2025-04-23 13:30:00,454.55999755859375
2025-04-24 13:30:00,467.3500061035156
2025-04-25 13:30:00,472.55999755859375
2025-04-28 13:30:00,472.4100036621094
2025-04-29 13:30:00,475.5299987792969
2025-04-30 13:30:00,475.4700012207031
2025-05-01 13:30:00,481.67999267578125
2025-05-02 13:30:00,488.8299865722656
2025-05-05 13:30:00,485.92999267578125
2025-05-06 13:30:00,481.4100036621094
2025-05-07 13:30:00,483.29998779296875
2025-05-08 13:30:00,488.2900085449219
2025-05-09 13:30:00,487.9700012207031
2025-05-12 13:30:00,507.8500061035156
2025-05-13 13:30:00,515.5900268554688
2025-05-14 13:30:00,518.6799926757812
2025-05-15 13:30:00,519.25
2025-05-16 13:30:00,521.510009765625
2025-05-19 13:30:00,522.010009765625
2025-05-20 13:30:00,520.27001953125
2025-05-21 13:30:00,513.0399780273438
2025-05-22 13:30:00,514.0
2025-05-23 13:30:00,509.239990234375
2025-05-27 13:30:00,521.219970703125
2025-05-28 13:30:00,518.9099731445312
2025-05-29 13:30:00,519.9299926757812
2025-05-30 13:30:00,519.1099853515625
2025-06-02 13:30:00,523.2100219726562
2025-06-03 13:30:00,527.2999877929688
2025-06-04 13:30:00,528.77001953125
2025-06-05 13:30:00,524.7899780273438
2025-06-06 13:30:00,529.9199829101562
2025-06-09 13:30:00,530.7000122070312
2025-06-10 13:30:00,534.2100219726562
2025-06-11 13:30:00,532.4099731445312
2025-06-12 13:30:00,533.6599731445312
2025-06-13 13:30:00,526.9600219726562
2025-06-16 13:30:00,534.2899780273438
2025-06-17 13:30:00,529.0800170898438
2025-06-18 13:30:00,528.989990234375
2025-06-20 13:30:00,526.8300170898438
2025-06-23 13:30:00,531.6500244140625
2025-06-24 13:30:00,539.780029296875
2025-06-25 13:30:00,541.1599731445312
2025-06-26 13:30:00,546.219970703125
2025-06-27 13:30:00,548.0900268554688
2025-06-30 13:30:00,551.6400146484375
2025-07-01 13:30:00,546.989990234375
2025-07-02 13:30:00,550.7999877929688
2025-07-03 13:30:00,556.219970703125
2025-07-07 13:30:00,552.030029296875
2025-07-08 13:30:00,552.3400268554688
2025-07-09 13:30:00,556.25
2025-07-10 13:30:00,555.4500122070312
2025-07-11 13:30:00,554.2000122070312
2025-07-14 13:30:00,556.2100219726562
2025-07-15 13:30:00,556.719970703125
2025-07-16 13:30:00,557.2899780273438
2025-07-17 13:30:00,561.7999877929688
2025-07-18 13:30:00,561.260009765625
2025-07-21 13:30:00,564.1699829101562
2025-07-22 13:30:00,561.25
2025-07-23 13:30:00,563.8099975585938
2025-07-24 13:30:00,565.010009765625
2025-07-25 13:30:00,566.3699951171875
2025-07-28 13:30:00,568.1400146484375
2025-07-29 13:30:00,567.260009765625
2025-07-30 13:30:00,568.02001953125
2025-07-31 13:30:00,565.010009765625
2025-08-01 13:30:00,553.8800048828125
2025-08-04 13:30:00,564.0999755859375
2025-08-05 13:30:00,560.27001953125
2025-08-06 13:30:00,567.3200073242188
2025-08-07 13:30:00,569.239990234375
2025-08-08 13:30:00,574.5499877929688
2025-08-11 13:30:00,572.8499755859375
2025-08-12 13:30:00,580.0499877929688
2025-08-13 13:30:00,580.3400268554688
2025-08-14 13:30:00,579.8900146484375
2025-08-15 13:30:00,577.3400268554688
2025-08-18 13:30:00,577.1099853515625
2025-08-19 13:30:00,569.280029296875
2025-08-20 13:30:00,565.9000244140625
2025-08-21 13:30:00,563.280029296875
2025-08-22 13:30:00,571.969970703125
2025-08-25 13:30:00,570.3200073242188
2025-08-26 13:30:00,572.6099853515625
2025-08-27 13:30:00,573.489990234375
2025-08-28 13:30:00,577.0800170898438
2025-08-29 13:30:00,570.4000244140625
2025-09-02 13:30:00,565.6199951171875
2025-09-03 13:30:00,570.0700073242188
2025-09-04 13:30:00,575.22998046875
2025-09-05 13:30:00,576.0599975585938
2025-09-08 13:30:00,578.8699951171875
2025-09-09 13:30:00,580.510009765625
2025-09-10 13:30:00,580.7000122070312
2025-09-11 13:30:00,584.0800170898438
2025-09-12 13:30:00,586.6599731445312
2025-09-15 13:30:00,591.6799926757812
2025-09-16 13:30:00,591.1799926757812
2025-09-17 13:30:00,590.0
2025-09-18 13:30:00,595.3200073242188
2025-09-19 13:30:00,599.3499755859375
2025-09-22 13:30:00,602.2000122070312
2025-09-23 13:30:00,598.2000122070312
2025-09-24 13:30:00,596.0999755859375
2025-09-25 13:30:00,593.530029296875
2025-09-26 13:30:00,595.969970703125
2025-09-29 13:30:00,598.72998046875
2025-09-30 13:30:00,600.3699951171875
2025-10-01 13:30:00,603.25
2025-10-02 13:30:00,605.72998046875
2025-10-03 13:30:00,603.1799926757812
2025-10-06 13:30:00,607.7100219726562
2025-10-07 13:30:00,604.510009765625
2025-10-08 13:30:00,611.4400024414062
2025-10-09 13:30:00,610.7000122070312
2025-10-10 13:30:00,589.5
2025-10-13 13:30:00,602.010009765625
2025-10-14 13:30:00,598.0
2025-10-15 13:30:00,602.219970703125
2025-10-16 13:30:00,599.989990234375
2025-10-17 13:30:00,603.9299926757812
2025-10-20 13:30:00,611.5399780273438
2025-10-21 13:30:00,611.3800048828125
2025-10-22 13:30:00,605.489990234375
2025-10-23 13:30:00,610.5800170898438
2025-10-24 13:30:00,617.0999755859375
2025-10-27 13:30:00,628.0900268554688
2025-10-28 13:30:00,632.9199829101562
2025-10-29 13:30:00,635.77001953125
2025-10-30 13:30:00,626.0499877929688
2025-10-31 13:30:00,629.0700073242188
2025-11-03 14:30:00,632.0800170898438
2025-11-04 14:30:00,619.25
2025-11-05 14:30:00,623.280029296875
2025-11-06 14:30:00,611.6699829101562
2025-11-07 14:30:00,609.739990234375
2025-11-10 14:30:00,623.22998046875
2025-11-11 14:30:00,621.5700073242188
2025-11-12 14:30:00,621.0800170898438
2025-11-13 14:30:00,608.4000244140625
2025-11-14 14:30:00,608.8599853515625
2025-11-17 14:30:00,603.6599731445312
2025-11-18 14:30:00,596.3099975585938
2025-11-19 14:30:00,599.8699951171875
2025-11-20 14:30:00,585.6699829101562
2025-11-21 14:30:00,590.0700073242188
2025-11-24 14:30:00,605.1599731445312
2025-11-25 14:30:00,608.8900146484375
2025-11-26 14:30:00,614.27001953125
2025-11-28 14:30:00,619.25
2025-12-01 14:30:00,617.1699829101562
2025-12-02 14:30:00,622.0
2025-12-03 14:30:00,623.52001953125
2025-12-04 14:30:00,622.9400024414062
2025-12-05 14:30:00,625.47998046875
2025-12-08 14:30:00,624.280029296875
2025-12-09 14:30:00,625.0499877929688
2025-12-10 14:30:00,627.6099853515625
2025-12-11 14:30:00,625.5800170898438
2025-12-12 14:30:00,613.6199951171875
2025-12-15 14:30:00,610.5399780273438
2025-12-16 14:30:00,611.75
2025-12-17 14:30:00,600.4099731445312
2025-12-18 14:30:00,609.1099853515625
2025-12-19 14:30:00,617.0499877929688
2025-12-22 14:30:00,619.2100219726562
2025-12-23 14:30:00,622.1099853515625
2025-12-24 14:30:00,623.9299926757812
2025-12-26 14:30:00,623.8900146484375
2025-12-29 14:30:00,620.8699951171875
2025-12-30 14:30:00,619.4299926757812
2025-12-31 14:30:00,614.3099975585938
2026-01-02 14:30:00,613.1199951171875
2026-01-05 14:30:00,617.989990234375
2026-01-06 14:30:00,623.4199829101562
2026-01-07 14:30:00,624.02001953125
2026-01-08 14:30:00,620.469970703125
2026-01-09 14:30:00,626.6500244140625
2026-01-12 14:30:00,627.1699829101562
2026-01-13 14:30:00,626.239990234375
2026-01-14 14:30:00,619.5499877929688
2026-01-15 14:30:00,621.780029296875
2026-01-16 14:30:00,621.260009765625
2026-01-20 14:30:00,608.0599975585938
2026-01-21 14:30:00,616.280029296875
2026-01-22 14:30:00,620.760009765625
2026-01-23 14:30:00,622.719970703125
2026-01-26 14:30:00,625.4600219726562
2026-01-27 14:30:00,631.1300048828125
2026-01-28 14:30:00,633.219970703125
